{"cameraMode":{"drawMode":0,"name":"Shaded","section":"Shading Mode"},"sceneLighting":true,"audioPlay":false,"sceneViewState":{"m_AlwaysRefresh":false,"showFog":true,"showSkybox":true,"showFlares":true,"showImageEffects":true,"showParticleSystems":true,"showVisualEffectGraphs":true,"m_FxEnabled":true},"in2DMode":false,"pivot":{"x":-0.20489239692687989,"y":-0.0072970278561115269,"z":0.616584062576294},"rotation":{"x":-0.27925530076026919,"y":0.46299654245376589,"z":-0.15642447769641877,"w":-0.8265699148178101},"size":3.2360336780548097,"orthographic":false}