{"cameraMode":{"drawMode":0,"name":"Shaded","section":"Shading Mode"},"sceneLighting":true,"audioPlay":false,"sceneViewState":{"m_AlwaysRefresh":false,"showFog":true,"showSkybox":true,"showFlares":true,"showImageEffects":true,"showParticleSystems":true,"showVisualEffectGraphs":true,"m_FxEnabled":true},"in2DMode":false,"pivot":{"x":58.056758880615237,"y":16.519046783447267,"z":-17.954322814941408},"rotation":{"x":-0.06527280807495117,"y":0.5445210337638855,"z":-0.04255780950188637,"w":-0.8351242542266846},"size":7.363198280334473,"orthographic":true}