{"cameraMode":{"drawMode":0,"name":"Shaded","section":"Shading Mode"},"sceneLighting":true,"audioPlay":false,"sceneViewState":{"m_AlwaysRefresh":false,"showFog":true,"showSkybox":true,"showFlares":true,"showImageEffects":true,"showParticleSystems":true,"showVisualEffectGraphs":true,"m_FxEnabled":true},"in2DMode":false,"pivot":{"x":-6.737677574157715,"y":3.1529321670532228,"z":14.390280723571778},"rotation":{"x":0.14807887375354768,"y":-0.534663200378418,"z":0.09584509581327439,"w":0.8265088200569153},"size":24.922622680664064,"orthographic":false}